Author,Language,Narrator First Name,Run Time,Release Date,Rating,Price,Narrator Last Name,Score,Title
 A.E. Valdez, English, iiKane, 13 hrs and 51 mins, 02-13-24,3 ratings,$44.99, Winston James,5 out of 5 stars,Colliding with Fate
 A.L. Jackson, English, Zachary Webber, 13 hrs and 21 mins, 02-20-24,Not rated yet,$24.95, Desireé Ketchum,Not Provided,Claim Me Forever
 Abby Jimenez, English, Andi Arndt, 1 hr and 17 mins, 01-23-24,735 ratings,$1.99, Zachary Webber,4.5 out of 5 stars,Worst Wingman Ever
 Abraham Verghese, English, Neil Shah, 13 hrs and 50 mins, 02-27-24,Not rated yet,$25.47,Not Provided,Not Provided,The Tennis Partner
 Actus, English, Peter Berkrot, 32 hrs and 20 mins, 02-07-24,3 ratings,$29.95,Not Provided,4.5 out of 5 stars,Steamforged Sorcery: The Complete Series
 Adrian Tchaikovsky, English, Mel Hudson, 16 hrs and 31 mins, 05-02-17,"37,340 ratings",$21.81,Not Provided,4.5 out of 5 stars,Children of Time
 Agatha Christie, English," David Suchet, Hugh Fraser, Nigel Hawthorne, Isla Blair", 35 hrs and 5 mins, 08-31-21,"1,335 ratings",$41.15, Simon Vance,5 out of 5 stars,Hercule Poirot: The Complete Short Stories
 Aldous Huxley, English, Stefan Rudnicki, 20 hrs and 7 mins, 02-13-24,Not rated yet,$39.87,Not Provided,Not Provided,Point Counter Point
 Alexander McCall Smith, English, Amy Alexander, 11 hrs and 46 mins, 02-13-24,Not rated yet,$27.99,Not Provided,Not Provided,The Perfect Passion Company
 Alison Taylor, English, Julia Anthony, 9 hrs and 37 mins, 02-13-24,1 rating,$17.49,Not Provided,5 out of 5 stars,Higher Ground
 Allison Bornstein, English, Suzie Althens, 3 hrs and 36 mins, 02-13-24,Not rated yet,$17.49,Not Provided,Not Provided,Wear It Well
 Amanda M. Lee, English, Caitlin Kelly, 8 hrs and 15 mins, 01-30-24,27 ratings,$19.95,Not Provided,5 out of 5 stars,Freaky Wedding
" Amir Tsarfati, Rick Yohn - contributor", English, Amir Tsarfati, 6 hrs and 13 mins, 05-07-24,Not rated yet,$48.99,Not Provided,Not Provided,Discovering Daniel
 Andy Weir, English, Ray Porter, 16 hrs and 10 mins, 05-04-21,"165,170 ratings",$25.99,Not Provided,5 out of 5 stars,Project Hail Mary
 Aneko Yusagi, English, Matthew Bridges, 8 hrs and 1 min, 02-13-24,2 ratings,$17.50,Not Provided,5 out of 5 stars,The Rising of the Shield Hero: Volume 08
 Anita Kelly, English, Lindsey Dorcus, 11 hrs and 27 mins, 02-13-24,1 rating,$21.55, Gail Shalan,4 out of 5 stars,How You Get the Girl
 April Asher, English, Zura Johnson, 11 hrs and 37 mins, 02-13-24,Not rated yet,$48.99,Not Provided,Not Provided,Not Your Crush's Cauldron
 Ashli St. Armant, English, Bahni Turpin, 4 hrs and 19 mins, 02-08-24,44 ratings,$24.95,Not Provided,5 out of 5 stars,Viva Durant and the Mystery at the Masquerade Ball
" Audible Sleep, Audio up", English, Scarlett Burke, 21 mins,Not Provided,5 ratings,$6.95,Not Provided,5 out of 5 stars,Motivation (963Hz)
 Aurora Rose Reynolds, English, Nick Mondelli, 7 hrs and 9 mins, 02-13-24,4 ratings,$48.99, Ruby Cherise,5 out of 5 stars,Until Hanna
 Ava Richardson, English, Amy Hall, 10 hrs and 15 mins, 02-08-24,Not rated yet,$24.95,Not Provided,Not Provided,Dragon Plague
 B.V. Larson, English, Mark Boyett, 9 hrs and 40 mins, 04-30-24,Not rated yet,$49.99,Not Provided,Not Provided,Red Company: Invasion
 Barbara Kingsolver, English, Charlie Thurston, 21 hrs and 3 mins, 10-18-22,"20,943 ratings",$36.65,Not Provided,5 out of 5 stars,Demon Copperhead
 Benedict Brown, English, George Blagden, 8 hrs and 28 mins, 02-22-24,Not rated yet,$48.99,Not Provided,Not Provided,The Hurtwood Village Murders
 Brad Magnarella, English, James Patrick Cronin, 4 hrs and 55 mins, 02-09-24,1 rating,$14.95,Not Provided,5 out of 5 stars,Grimstone Reckoning
 Brad Thor, English,Not Provided, 11 hrs and 30 mins, 07-23-24,Not rated yet,$23.62,Not Provided,Not Provided,Shadow of Doubt
 Brad Wilcox, English, Mark Deakins, 9 hrs and 15 mins, 02-13-24,Not rated yet,$25.47,Not Provided,Not Provided,Get Married
 Brandon Sanderson, English, Kate Reading, 40 hrs, 12-06-24,Not rated yet,$47.24, Michael Kramer,Not Provided,Wind and Truth
 Brandon Sanderson, English, Kate Reading, 45 hrs and 30 mins, 08-31-10,"100,582 ratings",$28.34, Michael Kramer,5 out of 5 stars,The Way of Kings
 Brandon Sanderson, English, Kate Reading, 55 hrs and 5 mins, 11-14-17,"60,481 ratings",$41.24, Michael Kramer,5 out of 5 stars,Oathbringer
 Brandon Sanderson, English, Kate Reading, 57 hrs and 26 mins, 11-17-20,"35,388 ratings",$31.49, Michael Kramer,5 out of 5 stars,Rhythm of War
 Brandon Sanderson, English, Michael Kramer, 24 hrs and 39 mins, 12-28-08,"86,669 ratings",$33.74,Not Provided,5 out of 5 stars,The Final Empire
 Brandon Sanderson, English, Michael Kramer, 27 hrs and 25 mins, 12-30-07,"66,416 ratings",$33.74,Not Provided,5 out of 5 stars,The Hero of Ages
 Brandon Varnell, English, Christopher Boucher, 6 hrs and 35 mins, 02-09-24,4 ratings,Not Provided, Jessica Threet,5 out of 5 stars,Wiedergeburt
 Brandy Schillace, English, Lindsey Dorcus, 11 hrs and 38 mins, 02-13-24,Not rated yet,$25.47,Not Provided,Not Provided,The Framed Women of Ardemore House
" Brian Andrews, Jeffrey Wilson", English, Scott Brick, 13 hrs, 05-21-24,Not rated yet,$35.00,Not Provided,Not Provided,Tom Clancy Act of Defiance
 Brighton Walsh, English, J.F. Harding, 7 hrs and 7 mins, 02-01-24,39 ratings,$19.95, Stella Hunter,4.5 out of 5 stars,Possessive Heart
 Brittanee Nicole, English, Joe Arden, 9 hrs and 1 min, 01-04-24,278 ratings,$19.95, Maxine Mitchell,5 out of 5 stars,Irish
 Brontez Purnell, English, Brontez Purnell, 1 hr and 29 mins, 02-13-24,Not rated yet,$6.99,Not Provided,Not Provided,Ten Bridges I've Burnt
 Bruce Sentar, English, Jessica Threet, 10 hrs and 18 mins, 02-12-24,13 ratings,$24.95, Jack Douglas,5 out of 5 stars,Dragon's Justice 9
 Brynne Asher, English, Jason Clarke, 14 hrs, 01-25-24,96 ratings,$24.95, Rose Dioro,5 out of 5 stars,Possession
 Brynne Weaver, English, Joe Arden, 8 hrs and 43 mins, 10-10-23,"7,738 ratings",$17.99, Lucy Rivers,5 out of 5 stars,Butcher & Blackbird
 Brynne Weaver, English,Not Provided, Not Yet Known, 06-04-24,Not rated yet,$48.99,Not Provided,Not Provided,Leather & Lark
 Bunni Pounds, English, Bunni Pounds, 9 hrs and 3 mins, 02-13-24,Not rated yet,$13.99,Not Provided,Not Provided,Jesus and Politics
 C.J. Petit, English, Michael Alan White, 11 hrs and 41 mins, 02-09-24,2 ratings,$24.95,Not Provided,5 out of 5 stars,Spring Surprises
 C.J. Primer, English, Madison Mitts, 10 hrs and 58 mins,Not Provided,3 ratings,$24.95, Holden Maddox,5 out of 5 stars,Alpha Gray
 Cal Newport, English, Cal Newport, 9 hrs and 30 mins, 03-05-24,Not rated yet,$31.50,Not Provided,Not Provided,Slow Productivity
 Callie Rose, English, Lia Holland, 29 hrs and 55 mins, 09-21-22,357 ratings,$29.95, C.J. Grey,4.5 out of 5 stars,Feral Shifters: The Complete Series
 Calvin Trillin, English, Robert Fass, 10 hrs and 4 mins, 02-13-24,Not rated yet,$28.00,Not Provided,Not Provided,The Lede
 Cara Bastone, English, Alex Finke, 10 hrs and 50 mins, 02-13-24,2 ratings,$20.48,Not Provided,5 out of 5 stars,Ready or Not
 Carissa Broadbent, English, Amanda Leigh Cobb, 11 hrs and 29 mins, 02-13-24,3 ratings,$44.99,Not Provided,4.5 out of 5 stars,Slaying the Vampire Conqueror
 Carlene O'Connor, English, Caroline Lennon, 9 hrs and 37 mins, 02-20-24,Not rated yet,$24.49,Not Provided,Not Provided,Murder at an Irish Chipper
 Carlos M. N. Eire, English, Emmanuel Chumaceiro, 16 hrs and 56 mins, 02-13-24,Not rated yet,$24.49,Not Provided,Not Provided,They Flew
 Carrie Sun, English, Carrie Sun, 8 hrs and 44 mins, 02-13-24,Not rated yet,$18.20,Not Provided,Not Provided,Private Equity
 Casey Means MD, English,Not Provided, 9 hrs, 05-14-24,Not rated yet,$31.50,Not Provided,Not Provided,Good Energy
 Casey Sherman, English, Casey Sherman, 9 hrs and 4 mins, 02-13-24,1 rating,$24.49,Not Provided,5 out of 5 stars,A Murder in Hollywood
 Cassie Cole, English, Ramona Radcliff, 9 hrs and 50 mins, 02-09-24,2 ratings,$19.95, Julio Maxwell,3 out of 5 stars,Nanny for the Athletes
" Cassius Lange, Ryan Tang", English," Ryan H. Reid, Dorrie Sacks", 16 hrs and 57 mins, 08-16-23,409 ratings,$24.95, Jeff Hays,4.5 out of 5 stars,Mimic & Me
 Catherine Cowles, English, Ava Erickson, 9 hrs and 12 mins, 02-08-24,129 ratings,$19.95, Sebastian York,5 out of 5 stars,Ashes of You
 Charan Ranganath, English, Mark Deakins, 7 hrs and 18 mins, 02-20-24,Not rated yet,$18.20, Charan Ranganath,Not Provided,Why We Remember
 Charles Duhigg, English, Charles Duhigg, 7 hrs and 28 mins, 02-20-24,Not rated yet,$20.48,Not Provided,Not Provided,Supercommunicators
 Charlie N. Holmberg, English, Amanda Leigh Cobb, 9 hrs and 57 mins, 02-13-24,3 ratings,$30.09, Graham Halstead,4 out of 5 stars,Boy of Chaotic Making
" Christopher Hopper, J.N. Chaney", English, Christopher Ryan Grant, 11 hrs and 2 mins, 03-12-24,Not rated yet,$49.99,Not Provided,Not Provided,Valley of the Dead
" Christopher Hopper, J.N. Chaney", English, Christopher Ryan Grant, 12 hrs and 22 mins, 05-07-24,Not rated yet,$54.99,Not Provided,Not Provided,Fire and Fury
 Christopher Paolini, English, Gerard Doyle, 23 hrs and 30 mins, 07-22-10,"28,467 ratings",$26.71,Not Provided,5 out of 5 stars,Eldest
 Christopher Paolini, English, Gerard Doyle, 29 hrs and 34 mins, 09-20-08,"18,717 ratings",$31.50,Not Provided,4.5 out of 5 stars,Brisingr
 Christopher Paolini, English, Gerard Doyle, 31 hrs and 17 mins, 11-08-11,"19,303 ratings",$29.34,Not Provided,4.5 out of 5 stars,Inheritance
 Christopher Ruocchio, English, Samuel Roukin, 9 hrs and 4 mins, 02-13-24,2 ratings,$24.49,Not Provided,5 out of 5 stars,The Dregs of Empire
 Clarissa Wild, English, Corvin King, 16 hrs and 43 mins, 02-13-24,3 ratings,$49.99, Desireé Ketchum,4.5 out of 5 stars,Evil Boys
 Colleen Hoover, English, Brian Pallino, 8 hrs and 10 mins, 12-08-20,"11,289 ratings",$21.99,Not Provided,4.5 out of 5 stars,Layla
 Colleen Hoover, English," Ryan Gray, Maxine Mitchell", 10 hrs and 19 mins, 06-27-23,"1,997 ratings",$29.99, Joe Arden,4 out of 5 stars,Too Late
 Craig Alanson, English, R.C. Bray, 19 hrs and 10 mins, 12-12-23,"3,343 ratings",$49.90,Not Provided,5 out of 5 stars,Aftermath
 Craig Groeschel, English, Craig Groeschel, 8 hrs and 10 mins, 02-20-24,Not rated yet,$22.74,Not Provided,Not Provided,Think Ahead
 Crystal Mendoza, English, Manifestation & Meditation Studio, 20 hrs and 9 mins, 02-08-24,22 ratings,$29.95,Not Provided,5 out of 5 stars,Empath & Psychic Abilities: 3 Books in 1
 Dakota Krout, English, MacLeod Andrews, 11 hrs and 14 mins, 03-05-24,Not rated yet,$34.95,Not Provided,Not Provided,Omelet Endgame
 Dakota Krout, English, MacLeod Andrews, 13 hrs and 45 mins, 01-09-24,605 ratings,$33.90,Not Provided,5 out of 5 stars,Grilled Armageddon
 Dale Mayer, English, Mandy Kaplan, 5 hrs and 59 mins, 02-08-24,1 rating,$19.95,Not Provided,5 out of 5 stars,X'd in the Xeriscape
 Dan Abnett, English, Jonathan Keeble, 14 hrs and 51 mins, 01-27-24,679 ratings,$32.71,Not Provided,5 out of 5 stars,The End and the Death: Volume III
 Daniel Schinhofen, English, Andrea Parsneau, 13 hrs and 45 mins, 02-09-24,84 ratings,$24.95,Not Provided,5 out of 5 stars,Divine Agreements
 Danielle Garrett, English, Amanda Ronconi, 5 hrs and 46 mins, 02-13-24,7 ratings,$17.49,Not Provided,5 out of 5 stars,Ghosts in the Garden
 Dave Ramsey, English, Dave Ramsey, 7 hrs and 17 mins, 05-14-24,Not rated yet,$23.95,Not Provided,Not Provided,The Total Money Makeover Updated and Expanded
 David Baldacci, English," Zachary Webber, Erin Cottrell, Will Collyer, Erin Bennett", 11 hrs and 45 mins, 11-14-23,"1,588 ratings",$21.83, Tiffany Smith,4.5 out of 5 stars,The Edge
 David Baldacci, English,Not Provided, 12 hrs, 04-16-24,Not rated yet,$31.93,Not Provided,Not Provided,A Calamity of Souls
 David Burke, English, Daniel Wisniewksi, 29 hrs and 31 mins, 01-26-24,13 ratings,$54.99, Rebecca Woods,4.5 out of 5 stars,Tower Mage Omnibus
" David Estes, Ben Galley", English, Tim Gerard Reynolds, 22 hrs and 38 mins, 02-20-24,Not rated yet,$49.99,Not Provided,Not Provided,Demon's Rage
 David Finkel, English, Rob Shapiro, 6 hrs and 34 mins, 02-13-24,1 rating,$18.20,Not Provided,5 out of 5 stars,An American Dreamer
 David Goggins, English," David Goggins, Adam Skolnick", 11 hrs and 6 mins, 12-06-22,"27,112 ratings",$21.99, Jacqueline Gardner,5 out of 5 stars,Never Finished
 David North, English, John Pirhalla, 20 hrs and 20 mins, 01-31-24,27 ratings,$29.95, Stephanie Nemeth-Parker,5 out of 5 stars,Echoes of War
 David North, English, Zachary Johnson, 15 hrs and 26 mins, 02-09-24,10 ratings,$24.95,Not Provided,5 out of 5 stars,River of Fate
 David Winslow, English, Russ Jankovitz, 5 hrs and 16 mins, 02-07-24,21 ratings,$19.95,Not Provided,5 out of 5 stars,Training Your Own Service Dog at Home
 Dean Koontz, English, Ray Chase, 8 hrs and 42 mins, 02-01-24,257 ratings,$25.19,Not Provided,4.5 out of 5 stars,The Bad Weather Friend
 Deborah Harkness, English,Not Provided, 17 hrs, 07-16-24,Not rated yet,$38.50,Not Provided,Not Provided,The Black Bird Oracle
 Delemhach, English, Matthew Wolf, 18 hrs and 27 mins, 05-28-24,Not rated yet,$49.99,Not Provided,Not Provided,The Burning Witch 3: A Humorous Romantic Fantasy
 Diana Gabaldon, English, Davina Porter, 32 hrs and 38 mins, 07-13-06,"77,880 ratings",$30.09,Not Provided,4.5 out of 5 stars,Outlander
 Diana Gabaldon, English, Davina Porter, 38 hrs and 54 mins, 10-26-06,"45,549 ratings",$30.09,Not Provided,5 out of 5 stars,Dragonfly in Amber
 Diane Oliver, English, Emana Rachelle, 8 hrs and 18 mins, 02-13-24,Not rated yet,$48.99,Not Provided,Not Provided,Neighbors and Other Stories
 Doc Spears, English, Stephen Dexter, 12 hrs and 30 mins, 01-16-24,54 ratings,$24.95,Not Provided,5 out of 5 stars,Legionnaire Eternal
 Dorothy Cannell, English, Sasha Higgins, 9 hrs and 39 mins, 02-13-24,Not rated yet,$17.49,Not Provided,Not Provided,The Thin Woman
" Doufu Mayoi, Taishi - Translated by", English, Kyle Tait, 7 hrs and 54 mins, 02-13-24,1 rating,$17.49,Not Provided,5 out of 5 stars,Black Summoner: Volume 7
" Douglas Preston, Lincoln Child", English,Not Provided, 14 hrs, 08-13-24,Not rated yet,$36.50,Not Provided,Not Provided,Angel of Vengeance
 Draith, English, Andrea Emmes, 13 hrs and 54 mins, 02-13-24,1 rating,$44.99,Not Provided,5 out of 5 stars,To Stand Between Sea and Sky
 Ed Zwick, English, Ed Zwick, 10 hrs and 23 mins, 02-13-24,1 rating,$18.47,Not Provided,5 out of 5 stars,"Hits, Flops, and Other Illusions"
 Eddie Stern, English, Eddie Stern, 2 hrs and 49 mins, 01-18-24,36 ratings,$14.95,Not Provided,5 out of 5 stars,Healing Through Breathing
 Eden Finley, English, Iggy Toma, 6 hrs and 47 mins, 02-13-24,Not rated yet,$17.49, Alexander Cendese,Not Provided,Fake Boyfriend Breakaways
 Eden Redd, English, Sierra Kline, 9 hrs and 22 mins, 02-09-24,3 ratings,$19.95,Not Provided,5 out of 5 stars,A Mist Valley Slice of Life Adventure
 Elizabeth Camden, English, Kathryn Markey, 12 hrs and 15 mins, 02-13-24,Not rated yet,$27.99,Not Provided,Not Provided,While the City Sleeps
 Elle Kennedy, English, Georgina Sadler, 12 hrs and 30 mins, 02-13-24,1 rating,$27.27,Not Provided,5 out of 5 stars,Girl Abroad
" Elle Madison, Robin D. Mahle", English, Shiromi Arserio, 9 hrs and 6 mins, 02-13-24,Not rated yet,$17.49, Grant Cartwright,Not Provided,Of Thieves and Shadows
 Emily Henry, English, Julia Whelan, 11 hrs, 04-23-24,Not rated yet,$31.50,Not Provided,Not Provided,Funny Story
 Emily Montgomery, Spanish, Sonia De Juana, 10 hrs and 57 mins, 01-31-24,50 ratings,$24.95, Inglés Fácil Studio,5 out of 5 stars,Aprender Inglés en 30 Días [Learn English in 30 Days]
 Emily Nagoski PhD, English, Emily Nagoski, 11 hrs and 30 mins, 03-02-21,"2,910 ratings",$15.70, Nicholas Boulton,5 out of 5 stars,Come As You Are: Revised and Updated
 Eric Dontigney, English, Adam Verner, 13 hrs and 40 mins, 01-25-24,107 ratings,$24.95,Not Provided,5 out of 5 stars,"Unintended Cultivator, Volume One"
 Erik Larson, English, Will Patton, 15 hrs, 04-30-24,Not rated yet,$38.50, Erik Larson,Not Provided,The Demon of Unrest
 Erin Young, English, Kate Handford, 13 hrs and 2 mins, 02-13-24,Not rated yet,$25.51,Not Provided,Not Provided,Original Sins
 Ernest Cline, English, Wil Wheaton, 13 hrs and 46 mins, 11-24-20,"62,316 ratings",$20.41,Not Provided,4.5 out of 5 stars,Ready Player Two
 Eva Chase, English, Michelle Sparks, 17 hrs and 9 mins, 02-07-24,11 ratings,$24.95, Jason Clarke,5 out of 5 stars,Games of Death and Desire
 Fareed Zakaria, English, Fareed Zakaria, 11 hrs and 30 mins, 03-26-24,Not rated yet,$23.62,Not Provided,Not Provided,Age of Revolutions
 Frank Herbert, English," Scott Brick, Katherine Kellgren, Euan Morton", 8 hrs and 57 mins, 10-01-07,"27,712 ratings",$14.99, Simon Vance,4.5 out of 5 stars,Dune Messiah
 Franklyn White, English, Mark Williams, 3 hrs and 40 mins, 02-07-24,9 ratings,$14.95,Not Provided,5 out of 5 stars,How to Use Outsourcing to Grow Your Small Business: Scale!
 Freida McFadden, English, Lauryn Allman, 11 hrs and 42 mins, 06-11-24,Not rated yet,$24.95, Ina Marie Smith,Not Provided,The Housemaid Is Watching
 Freida McFadden, English, Leslie Howard, 9 hrs and 35 mins, 02-06-24,646 ratings,$48.99, Danny Montooth,4.5 out of 5 stars,The Teacher
 Fyodor Dostoyevsky, English," David Rintoul, Jonathan Keeble, Malk Williams, Emma Gregory, Roger May", 225 hrs, 03-14-24,Not rated yet,$163.62, Ben Allen,Not Provided,The Fyodor Dostoyevsky Complete Collection
 Gareth Brown, English, Miranda Raison, 13 hrs and 16 mins, 02-13-24,Not rated yet,$24.56,Not Provided,Not Provided,The Book of Doors
 Gay Hendricks PhD, English, Alan Peterson, 10 hrs and 16 mins, 02-13-24,Not rated yet,$20.78,Not Provided,Not Provided,Your Big Leap Year
 George R.R. Martin, English, Roy Dotrice, 47 hrs and 34 mins, 03-11-04,"76,044 ratings",$31.49,Not Provided,5 out of 5 stars,A Storm of Swords
 George R.R. Martin, English, Roy Dotrice, 48 hrs and 55 mins, 07-12-11,"58,419 ratings",$31.49,Not Provided,4.5 out of 5 stars,A Dance with Dragons
 Gregg Hurwitz, English, Scott Brick, 13 hrs and 13 mins, 02-13-24,15 ratings,$20.78,Not Provided,4.5 out of 5 stars,Lone Wolf
 Gregory Ashe, English,Not Provided, 9 hrs and 53 mins, 02-12-24,Not rated yet,$19.95,Not Provided,Not Provided,The Spoil of Beasts
 Grey Huffington, English, Jamal Roque, 10 hrs and 31 mins, 02-13-24,4 ratings,$44.99, Katherine Dollison,4 out of 5 stars,Ledge
 Griff Hosker, English, Marston York, 8 hrs and 41 mins, 02-08-24,2 ratings,$17.92,Not Provided,5 out of 5 stars,Condottiere
 Harold Holzer, English, Mark Bramhall, 12 hrs and 50 mins, 02-13-24,Not rated yet,$20.48,Not Provided,Not Provided,Brought Forth on This Continent
 Harvard Business Review, English, Christopher Walker, 3 hrs and 48 mins, 02-27-24,Not rated yet,$13.99,Not Provided,Not Provided,HBR Guide to Making Every Meeting Matter
 Hawke Oakley, English, Matt Haynes, 7 hrs and 17 mins, 02-08-24,6 ratings,$19.95,Not Provided,5 out of 5 stars,Alpha Dragon's Jackal
" Heather Renee, Mystics and Mayhem", English, Michelle Sparks, 20 hrs and 51 mins, 08-04-23,134 ratings,$29.95, Adam Gold,4.5 out of 5 stars,Luna Marked: The Complete Series
" Hisashi Kashiwai, Jesse Kirkwood - translator", English, Hanako Footman, 4 hrs and 53 mins, 02-13-24,Not rated yet,$21.00,Not Provided,Not Provided,The Kamogawa Food Detectives
 Honour Rae, English, Luke Daniels, 16 hrs and 8 mins, 03-12-24,Not rated yet,$49.99,Not Provided,Not Provided,All the Skills 3: A Deck-Building LitRPG
 Howard Zinn, English, Jeff Zinn, 34 hrs and 8 mins, 12-14-09,"8,868 ratings",$36.74,Not Provided,4.5 out of 5 stars,A People's History of the United States
 Hunter Mythos, English, André Santana, 13 hrs and 9 mins, 02-13-24,11 ratings,$44.99,Not Provided,4.5 out of 5 stars,Rogue Ascension
 Ingrid Seward, English, Julie Teal, 7 hrs and 18 mins, 02-15-24,Not rated yet,$17.45, Ingrid Seward,Not Provided,My Mother and I
 Ingrid Seymour, English, Kasi Hollowell, 9 hrs and 41 mins, 02-13-24,1 rating,$39.99,Not Provided,5 out of 5 stars,A Prince So Cruel
 Inori, English, Courtney Shaw, 9 hrs and 14 mins, 02-05-24,3 ratings,$19.95,Not Provided,5 out of 5 stars,"I'm in Love with the Villainess (Light Novel), Vol. 3"
 J. D. Robb, English, Susan Ericksen, 13 hrs and 6 mins, 01-23-24,"1,154 ratings",$20.24,Not Provided,5 out of 5 stars,Random in Death
 J. R. R. Tolkien, English, Andy Serkis, 20 hrs and 46 mins, 09-16-21,"10,131 ratings",$25.79,Not Provided,5 out of 5 stars,The Two Towers
 J. R. R. Tolkien, English, Andy Serkis, 21 hrs and 52 mins, 09-16-21,"5,014 ratings",$25.79,Not Provided,5 out of 5 stars,The Return of the King
 J. R. R. Tolkien, English, Andy Serkis, 22 hrs and 38 mins, 09-16-21,"15,654 ratings",$25.79,Not Provided,5 out of 5 stars,The Fellowship of the Ring
 J. R. R. Tolkien, English, Rob Inglis, 11 hrs and 5 mins, 10-09-12,"64,600 ratings",$21.49,Not Provided,5 out of 5 stars,The Hobbit
" J. R. R. Tolkien, Humphrey Carpenter - editor, Christopher Tolkien - editor", English," Samuel West, Mike Grady", 29 hrs and 2 mins, 02-29-24,Not rated yet,$34.90, Chris Smith,Not Provided,The Letters of J. R. R. Tolkien
 J.K. Rowling, English, Jim Dale, 11 hrs and 49 mins, 11-20-15,"122,447 ratings",$29.99,Not Provided,5 out of 5 stars,"Harry Potter and the Prisoner of Azkaban, Book 3"
 J.K. Rowling, English, Jim Dale, 18 hrs and 32 mins, 11-20-15,"102,567 ratings",$44.99,Not Provided,5 out of 5 stars,"Harry Potter and the Half-Blood Prince, Book 6"
 J.K. Rowling, English, Jim Dale, 20 hrs and 36 mins, 11-20-15,"117,501 ratings",$44.99,Not Provided,5 out of 5 stars,"Harry Potter and the Goblet of Fire, Book 4"
 J.K. Rowling, English, Jim Dale, 21 hrs and 36 mins, 11-20-15,"142,631 ratings",$44.99,Not Provided,5 out of 5 stars,"Harry Potter and the Deathly Hallows, Book 7"
 J.K. Rowling, English, Jim Dale, 26 hrs and 28 mins, 11-20-15,"109,358 ratings",$44.99,Not Provided,5 out of 5 stars,"Harry Potter and the Order of the Phoenix, Book 5"
 J.K. Rowling, English, Jim Dale, 8 hrs and 18 mins, 11-20-15,"190,980 ratings",$29.99,Not Provided,5 out of 5 stars,"Harry Potter and the Sorcerer's Stone, Book 1"
 J.K. Rowling, English, Jim Dale, 9 hrs and 2 mins, 11-20-15,"132,703 ratings",$29.99,Not Provided,5 out of 5 stars,"Harry Potter and the Chamber of Secrets, Book 2"
" J.N. Chaney, Terry Maggert", English, Jeffrey Kafer, 10 hrs and 9 mins, 03-26-24,Not rated yet,$39.99,Not Provided,Not Provided,Shattered Will
" J.N. Chaney, Terry Maggert", English, Tom Taylorson, 13 hrs and 7 mins, 02-27-24,Not rated yet,$54.99,Not Provided,Not Provided,Echoes in the Deep
 J.R. Erickson, English, Angie Tripp, 10 hrs and 1 min, 02-09-24,1 rating,$24.95,Not Provided,5 out of 5 stars,The Scream Sisters
 J.R. Mathews, English, John Pirhalla, 22 hrs and 5 mins, 02-15-24,Not rated yet,$54.99,Not Provided,Not Provided,Jake's Magical Market 2
 J.T. Geissinger, English," Brooke Daniels, Erin Quinn, Michelle Sparks, Tara Langella", 10 hrs and 27 mins, 02-13-24,Not rated yet,$20.78, Troy Duran,Not Provided,Brutal Vows
 J.T. Geissinger, English," Brooke Daniels, Michelle Sparks", 10 hrs and 34 mins, 02-13-24,Not rated yet,$20.78, Troy Duran,Not Provided,Savage Hearts
 J.T. Geissinger, English," Brooke Daniels, Troy Duran", 10 hrs and 25 mins, 02-13-24,2 ratings,$20.78, Michelle Sparks,5 out of 5 stars,Ruthless Creatures
 Jack Carr, English, Ray Porter, 15 hrs and 30 mins, 05-14-24,Not rated yet,$28.34,Not Provided,Not Provided,Red Sky Mourning
 Jack Slater, English, Brittany Pressley, 9 hrs and 33 mins, 02-13-24,Not rated yet,$44.99,Not Provided,Not Provided,Among the Pines
 James Clear, Spanish, Arturo Guerrero, 9 hrs and 1 min, 09-30-20,"2,305 ratings",$16.33,Not Provided,5 out of 5 stars,Hábitos atómicos (Español neutro)
" James Hunter, Eden Hudson", English, Travis Baldree, 10 hrs and 38 mins, 02-05-24,14 ratings,$24.95,Not Provided,5 out of 5 stars,Celestial Citadel
" James Patterson, Brian Sitts", English, Christine Lakin, 9 hrs and 8 mins, 01-08-24,403 ratings,$21.83,Not Provided,4.5 out of 5 stars,"Holmes, Marple & Poe"
 James S.A. Corey, English,Not Provided, 18 hrs and 30 mins, 08-06-24,Not rated yet,$34.99,Not Provided,Not Provided,The Mercy of Gods
 Jamie Ivey, English, Jamie Ivey, 5 hrs and 19 mins, 02-13-24,1 rating,$20.01,Not Provided,5 out of 5 stars,Why Can't I Get It Together?
 Jamie Kern Lima, English, Jamie Kern Lima, 11 hrs and 26 mins, 02-20-24,Not rated yet,$24.95,Not Provided,Not Provided,Worthy
 Jane Austen, English, Rosamund Pike, 11 hrs and 35 mins, 12-08-15,"39,662 ratings",$24.95,Not Provided,5 out of 5 stars,Pride and Prejudice
 Janice Whiteaker, English, Sebastian York, 6 hrs and 45 mins, 02-05-24,2 ratings,$19.95, Ava Lucas,5 out of 5 stars,Cowboy Seeking Nanny
 Jared Cohen, English, Kevin R. Free, 13 hrs and 52 mins, 02-13-24,1 rating,$19.24,Not Provided,5 out of 5 stars,Life After Power
" Jason Anspach, Ryan Williamson", English, Mark Boyett, 17 hrs and 53 mins, 02-13-24,Not rated yet,$49.99,Not Provided,Not Provided,Doomsday Recon
 Jason Pargin, English,Not Provided, 12 hrs and 21 mins, 09-24-24,Not rated yet,$20.78,Not Provided,Not Provided,I'm Starting to Worry About This Black Box of Doom
" Jay Kristoff, Bon Orthwick - illustrator", English, Damian Lynch, 22 hrs, 03-12-24,Not rated yet,$42.52, Shakira Shute,Not Provided,Empire of the Damned
 Jeffrey Munn, English, Jeffrey Munn, 4 hrs and 45 mins, 02-06-24,Not rated yet,$14.95,Not Provided,Not Provided,Staying Sober Without God
 Jeffrey Rosen, English, Sean Patrick Hopkins, 10 hrs and 51 mins, 02-13-24,Not rated yet,$18.47, Jeffrey Rosen,Not Provided,The Pursuit of Happiness
" Jeffrey Wilson, Brian Andrews", English,Not Provided, 14 hrs, 07-02-24,Not rated yet,$27.97,Not Provided,Not Provided,Ember
 Jeneane O'Riley, English, Justin Hill, 11 hrs and 40 mins, 05-14-24,Not rated yet,$44.99, Emily Devereux,Not Provided,What Did You Do?
 Jeneva Rose, English," January LaVoy, Brittany Pressley, Cassandra Campbell", 8 hrs and 30 mins, 04-30-24,Not rated yet,$25.87, Andrew Eiden,Not Provided,Home Is Where the Bodies Are
 Jenn McMahon, English, Alex Kydd, 11 hrs and 30 mins, 02-13-24,Not rated yet,$20.99, Laurie West,Not Provided,That First Night
 Jenna Wolfhart, English, Tim Campbell, 10 hrs and 53 mins, 02-13-24,1 rating,$44.99, Billie Fulford-Brown,5 out of 5 stars,Of Dust and Stars
 Jennie Allen, English, Jennie Allen, 5 hrs and 31 mins, 02-13-24,3 ratings,$15.93,Not Provided,5 out of 5 stars,Untangle Your Emotions
 Jennifer L. Armentrout, English, Stina Nielsen, 24 hrs and 21 mins, 11-03-20,"13,448 ratings",$28.99,Not Provided,5 out of 5 stars,A Kingdom of Flesh and Fire
 Jennifer L. Armentrout, English, Stina Nielsen, 25 hrs and 22 mins, 04-20-21,"11,563 ratings",$28.99,Not Provided,4.5 out of 5 stars,The Crown of Gilded Bones
 Jennifer L. Armentrout, English,Not Provided, 24 hrs, 05-07-24,Not rated yet,$32.89,Not Provided,null,Born of Blood and Ash
" Jennifer L. Armentrout, Rayvn Salvador - contributor", English, Stina Nielsen, 25 hrs and 53 mins, 02-20-24,Not rated yet,$32.89,Not Provided,Not Provided,Visions of Flesh and Blood
 Jennifer Saginor, English, Kassidy Cortese, 6 hrs and 40 mins, 01-30-24,3 ratings,$19.95,Not Provided,3.5 out of 5 stars,Playground
 Jerry Boyd, English, Chris Ciulla, 8 hrs and 30 mins, 02-13-24,8 ratings,$44.99,Not Provided,4.5 out of 5 stars,Trifecta
 Jescie Hall, English, Joe Arden, 14 hrs and 1 min, 01-30-24,171 ratings,$24.95, CJ Bloom,5 out of 5 stars,Kid
 Jessa Hastings, English,Not Provided, 15 hrs, 03-19-24,Not rated yet,$35.00,Not Provided,Not Provided,Magnolia Parks: Into the Dark
 Jesse H Reign, English," Ellis Evans, Liam DiCosimo", 7 hrs and 37 mins, 02-13-24,4 ratings,$39.99, Michael Ferraiuolo,4.5 out of 5 stars,Triple Trouble
 Jessica McCabe, English, Jessica McCabe, 8 hrs and 58 mins, 01-02-24,114 ratings,$18.00,Not Provided,5 out of 5 stars,How to ADHD
 Jez Cajiao, English, Christopher Boucher, 19 hrs and 21 mins, 03-12-24,Not rated yet,$59.99, Jessica Threet,Not Provided,Vengeance
 JG Jerome, English, Zachary Zaba, 58 hrs and 8 mins, 01-23-24,8 ratings,$54.99, Kassandra Cherry,4.5 out of 5 stars,Accidental Necromancer Boxed Set
 Joe Dispenza, English, Adam Boyce, 14 hrs and 6 mins, 10-02-20,"4,124 ratings",$25.58,Not Provided,5 out of 5 stars,Becoming Supernatural
 John and Katie McCann, English, Joe Scalora, 3 hrs and 25 mins, 02-09-24,3 ratings,$14.95,Not Provided,5 out of 5 stars,From Diversity to Inclusion
 John Bierce, English, Ralph Lister, 16 hrs and 14 mins, 02-27-24,Not rated yet,$54.99,Not Provided,Not Provided,The Gorgon Incident and Other Stories
 John G. Doyle, English, Michael Bauer, 12 hrs and 25 mins, 02-08-24,2 ratings,$24.95,Not Provided,5 out of 5 stars,End Times
 John Grisham, English,Not Provided, 9 hrs, 05-28-24,Not rated yet,$35.00,Not Provided,Not Provided,Camino Ghosts
" John Lynch, Bruce McNicol, Bill Thrall", English, Chris Arias, 3 hrs and 2 mins, 02-08-24,1 rating,$14.95,Not Provided,4 out of 5 stars,The Cure
 John Marrs, English," Elizabeth Knowelden, Soneela Nankani", 10 hrs and 11 mins, 02-13-24,5 ratings,$30.09, Steve West,4.5 out of 5 stars,The Stranger in Her House
 John Sandford, English, Robert Petkoff, 12 hrs, 04-09-24,Not rated yet,$31.50,Not Provided,Not Provided,Toxic Prey
 Jonathan Brooks, English, Miles Meili, 16 hrs and 49 mins, 01-30-24,33 ratings,$24.95,Not Provided,4.5 out of 5 stars,Aetheric InFusion
 Jonathan Haidt, English, Sean Pratt, 11 hrs, 03-26-24,Not rated yet,$31.50,Not Provided,Not Provided,The Anxious Generation
 Jordan B. Peterson, English, Jordan B. Peterson,Not Provided, 11-19-24,Not Provided,$22.75,Not Provided,Not Provided,We Who Wrestle with God
 Jordan B. Peterson, English,Not Provided, Not Yet Known, 11-19-24,Not rated yet,$39.26,Not Provided,Not Provided,We Who Wrestle with God
 Jordan T. Beckett, English, Jordan T. Beckett, 4 hrs and 12 mins, 02-08-24,13 ratings,$14.95,Not Provided,5 out of 5 stars,The Empowered Highly Sensitive Collection
 Joyce T., English, Brian Morrow, 3 hrs and 38 mins, 02-09-24,8 ratings,$14.95,Not Provided,5 out of 5 stars,Adolescent Brain 101
 Julia Mills, English, Richard Pendragon, 2 hrs and 14 mins, 02-05-24,2 ratings,$6.95, Raven Wildewood,5 out of 5 stars,Falling Off Her Dragon
 Julie McFadden RN, English,Not Provided, 9 hrs, 06-11-24,Not rated yet,$28.00,Not Provided,Not Provided,Nothing to Fear
 Kandi Steiner, English," Hannah Chiclana, Chris Williams, Edward Black, Miranda Dyer, Amy L. Levin, Megan Wicks", 38 hrs and 59 mins, 02-06-24,Not rated yet,$29.95, Gabriel Marquez,Not Provided,The Red Zone Rivals Series Box Set
 Kara Swisher, English, Kara Swisher, 7 hrs and 40 mins, 02-27-24,Not rated yet,$18.47,Not Provided,Not Provided,Burn Book
 Karin Slaughter, English,Not Provided, 12 hrs, 08-20-24,Not rated yet,$30.79,Not Provided,Not Provided,This Is Why We Lied
 Karla Sorensen, English, Ryan West, 11 hrs and 22 mins, 02-06-24,11 ratings,$24.95, Savannah Peachwood,4.5 out of 5 stars,Head over Heels
 Kate Quinn, English, Saskia Maarleveld, 15 hrs and 30 mins, 07-09-24,Not rated yet,$31.93,Not Provided,Not Provided,The Briar Club
" Kate Quinn, Janie Chang", English, Saskia Maarleveld, 11 hrs and 35 mins, 02-13-24,Not rated yet,$20.01, Katharine Chin,Not Provided,The Phoenix Crown
 Katharine Kerr, English, Ruth Urquhart, 16 hrs and 38 mins, 02-20-24,Not rated yet,$24.49,Not Provided,Not Provided,The Silver Mage
 Katherine Arden, English," Michael Crouch, January LaVoy", 11 hrs and 38 mins, 02-13-24,2 ratings,Not Provided, Katherine Arden,5 out of 5 stars,The Warm Hands of Ghosts
 Kaylee Ryan, English, Eric MacArthur, 7 hrs and 18 mins, 02-13-24,Not rated yet,$17.49, Alexa Elmy,Not Provided,Stay Together
 Kelly Link, English, January LaVoy, 23 hrs and 31 mins, 02-13-24,Not rated yet,$27.30,Not Provided,Not Provided,The Book of Love
 Kendra Elliot, English, Teri Schnaubelt, 10 hrs and 9 mins, 02-13-24,5 ratings,$30.09, Shaun Taylor-Corbett,5 out of 5 stars,At the River
 Kim Harrison, English,Not Provided, 18 hrs, 10-22-24,Not rated yet,$25.03,Not Provided,Not Provided,Demon's Bluff
 Kirill Klevanski, English, Kevin T. Collins, 17 hrs and 51 mins, 02-13-24,1 rating,$20.99,Not Provided,5 out of 5 stars,Last Day of the Human
 Krazekode, English, Peter Kenny, 14 hrs and 6 mins, 01-23-24,74 ratings,$24.95,Not Provided,5 out of 5 stars,Abyssal Rift
 Kris Michaels, English, Matt Haynes, 6 hrs and 9 mins, 02-12-24,2 ratings,$19.95,Not Provided,5 out of 5 stars,Malice
 Kristen Painter, English, B.J. Harrison, 2 hrs and 54 mins, 02-14-24,Not rated yet,$6.95,Not Provided,Not Provided,His Maker's Mark
 Kristin Hannah, English, Julia Whelan, 14 hrs and 55 mins, 02-15-24,Not rated yet,$16.35,Not Provided,Not Provided,The Women
 Kristin Hannah, English, Polly Stone, 17 hrs and 19 mins, 02-03-15,"92,837 ratings",$24.74,Not Provided,5 out of 5 stars,The Nightingale
" Kumo Kagyu, Noboru Kannatuki - illustrator", English, Hayden Daviau, 7 hrs and 9 mins, 02-13-24,1 rating,$20.01, Josh Bangle,5 out of 5 stars,"Goblin Slayer, Vol. 2 (Light Novel)"
 L. E. Modesitt Jr., English, Kirby Heyborne, 21 hrs and 55 mins, 02-13-24,Not rated yet,$24.49,Not Provided,Not Provided,From the Forest
 Laura Frantz, English, Pilar Witherspoon, 12 hrs and 48 mins, 02-13-24,Not rated yet,$27.99,Not Provided,Not Provided,The Seamstress of Acadie
" Laura Nowlin, Melike Karamustafa, Bettina Hengesbach - Übersetzer", German," Lydia Herms, David Hörning", 10 hrs and 31 mins, 02-12-24,Not rated yet,$21.68, Timo Fakhravar,Not Provided,If only I had told her (German edition)
 Lauren Blakely, English," Andi Arndt, Joe Arden, Emma Wilder, Teddy Hamilton, Ava Erickson, Zachary Webber, Vanessa Edwin, Sebastian York, Samantha Cook", 36 hrs and 38 mins, 11-01-23,84 ratings,$29.95, Scott Brick,5 out of 5 stars,The Complete Sinful Men Collection
 Lee Child, English, Dick Hill, 17 hrs and 47 mins, 10-27-15,"20,815 ratings",$21.44,Not Provided,4.5 out of 5 stars,Killing Floor
" Lee Child, Andrew Child", English,Not Provided, 10 hrs, 10-22-24,Not rated yet,$22.75,Not Provided,Not Provided,In Too Deep
 Lee Mountford, English, Hannibal Hills, 8 hrs and 49 mins, 02-09-24,4 ratings,$19.95,Not Provided,5 out of 5 stars,Haunted
 Leigh Bardugo, English, Lauren Fortgang, 12 hrs and 30 mins, 04-09-24,Not rated yet,$25.51,Not Provided,Not Provided,The Familiar
 Leigh Fenty, English, James Romick, 5 hrs and 47 mins, 02-12-24,Not rated yet,$19.95,Not Provided,Not Provided,Abigale
 Leil Lowndes, English, Joyce Bean, 8 hrs and 59 mins, 09-01-15,"12,521 ratings",$14.99, Leil Lowndes,4 out of 5 stars,How to Talk to Anyone
 Leslie North, English, Sean Masters, 9 hrs and 56 mins, 02-07-24,7 ratings,$19.95, Suzanne T. Fortin,5 out of 5 stars,The Bossy One
 Lisa Jewell, English, Helen Duff, 10 hrs and 1 min, 04-25-17,"21,574 ratings",$14.03,Not Provided,4.5 out of 5 stars,I Found You
 Liv Constantine, English,Not Provided, 12 hrs, 06-18-24,Not rated yet,$31.50,Not Provided,Not Provided,The Next Mrs. Parrish
 LJ Andrews, English, Lucy Rivers, 12 hrs and 57 mins, 03-05-24,Not rated yet,$44.99, Will Thorne,Not Provided,The Ever King
 Lois McMaster Bujold, English,Not Provided, 5 hrs, 03-12-24,Not rated yet,$22.37,Not Provided,Not Provided,Demon Daughter
 Lucy Sante, English, Lucy Sante, 5 hrs and 57 mins, 02-13-24,Not rated yet,$15.93,Not Provided,Not Provided,I Heard Her Call My Name
 Luke Chmilenko, English, Luke Daniels, 21 hrs and 40 mins, 05-07-24,Not rated yet,Not Provided,Not Provided,Not Provided,Threads of Fate
 Luna Mason, English, Angelina Rocca, 10 hrs and 51 mins, 02-12-24,12 ratings,$24.95, Antonio Amato,5 out of 5 stars,Detained
 Lynn Raye Harris, English, Gregory Salinas, 8 hrs, 02-09-24,6 ratings,$19.95, Samantha Cook,5 out of 5 stars,HOT Honor
 Marcia Reynolds, English, Candace Joice, 6 hrs and 1 min, 02-27-24,Not rated yet,$17.49,Not Provided,Not Provided,Breakthrough Coaching
 Maren Moore, English, Alex Kydd, 10 hrs and 22 mins, 02-13-24,5 ratings,$44.99, Sarah McEwan,5 out of 5 stars,Homerun Proposal
" Marissa Meyer, Chuck Gonzales - illustrator", English, Stacy Carolan, 12 hrs and 5 mins, 02-13-24,Not rated yet,$20.78,Not Provided,Not Provided,With a Little Luck
 Mark Greaney, English, Jay Snyder, Not Yet Known, 02-20-24,Not rated yet,$24.95,Not Provided,Not Provided,The Chaos Agent
" Mark Kamine, Mike White - Foreword", English, Michael Butler Murray, 6 hrs and 20 mins, 02-13-24,Not rated yet,$17.49,Not Provided,Not Provided,On Locations
 Mark Sullivan, English,Not Provided, 16 hrs, 05-07-24,Not rated yet,$31.49,Not Provided,Not Provided,All the Glimmering Stars
 Mark Tufo, English, Sean Runnette, Not Yet Known, 03-12-24,Not rated yet,$34.95,Not Provided,Not Provided,Bridging The Gap
 Martin Clark, English, David Aaron Baker, 10 hrs and 9 mins, 09-12-23,145 ratings,$21.49, Morgan Hallett,4 out of 5 stars,The Plinko Bounce
 Marty Cagan, English, Marty Cagan, 8 hrs, 03-12-24,Not rated yet,$17.49,Not Provided,Not Provided,Transformed
 Mary Beard, English, Mary Beard, 14 hrs and 43 mins, 10-24-23,109 ratings,$21.90,Not Provided,4.5 out of 5 stars,Emperor of Rome
 Mary Claire Haver MD, English, Mary Claire Haver MD, 11 hrs, 04-30-24,Not rated yet,$31.50,Not Provided,Not Provided,The New Menopause
 Mary Connealy, English, Libby McKnight, 7 hrs and 58 mins, 02-13-24,Not rated yet,$20.99,Not Provided,Not Provided,Chasing the Horizon
 Matt Dinniman, English, Jeff Hays, 16 hrs and 54 mins, 05-14-21,"11,030 ratings",$21.99, The Critical Drinker,5 out of 5 stars,The Dungeon Anarchist's Cookbook
 Matt Dinniman, English, Jeff Hays, 18 hrs and 3 mins, 09-16-21,"10,133 ratings",$21.99,Not Provided,5 out of 5 stars,The Gate of the Feral Gods
 Matt Dinniman, English," Jeff Hays, Patrick Warburton, Travis Baldree", 26 hrs and 46 mins, 09-01-23,"3,770 ratings",$25.99, Annie Ellicott,5 out of 5 stars,The Eye of the Bedlam Bride
 Matthew Balleza, English, Virtual Voice, 7 hrs and 43 mins, 02-09-24,Not rated yet,$14.99,Not Provided,Not Provided,Grinders Find A Way
 Matthew Hussey, English,Not Provided, 12 hrs, 04-23-24,Not rated yet,$31.93,Not Provided,Not Provided,Love Life
 Matthew Peed, English, Romy Nordlinger, 7 hrs and 57 mins, 02-13-24,Not rated yet,$17.49,Not Provided,Not Provided,Game of Rulers
 Maura Cheeks, English, Jade Wheeler, 8 hrs and 20 mins, 02-13-24,1 rating,$18.20,Not Provided,4 out of 5 stars,Acts of Forgiveness
 Meghan Quinn, English, Aaron Shedlock, 16 hrs and 5 mins, 02-06-24,106 ratings,$24.95, Stella Hunter,4.5 out of 5 stars,The Reason I Married Him
 Meghan Quinn, English," Connor Crais, Erin Mallon, Teddy Hamilton, Jason Clarke, J.F. Harding", 11 hrs and 40 mins, 11-28-23,"1,262 ratings",$24.95, Kelsey Navarro-Foster,5 out of 5 stars,He's Not My Type
 Melissa Brayden, English, Lula Larkin, 10 hrs and 37 mins, 01-29-24,24 ratings,$24.95,Not Provided,4.5 out of 5 stars,You Had Me at Merlot
 Mercedes Ron, English, Hugo Locke, 13 hrs and 8 mins, 02-13-24,1 rating,$20.99, Hannah Carmona,5 out of 5 stars,Our Fault
 Michael Connelly, English,Not Provided, 12 hrs, 11-05-24,Not rated yet,$21.55,Not Provided,Not Provided,The Waiting
" Michael Gervais, Kevin Lake - contributor", English, Michael Gervais, 5 hrs and 3 mins, 02-20-24,Not rated yet,$17.49,Not Provided,Not Provided,The First Rule of Mastery
 Michael Head, English, Neil Hellegers, 11 hrs and 8 mins, 02-13-24,5 ratings,$20.99,Not Provided,5 out of 5 stars,Judge
 Michael R. Miller, English, Dave Cruse, 45 hrs and 58 mins, 08-07-19,"3,393 ratings",$25.99,Not Provided,4.5 out of 5 stars,The Dragon's Blade Trilogy
 Michael Sisa, English, Tom Taylorson, 14 hrs and 40 mins, 06-25-24,Not rated yet,$49.99,Not Provided,Not Provided,Legend of the Arch Magus: Publisher's Pack 6
 Michael Stagg, English, George Newbern, 10 hrs and 6 mins, 02-27-24,Not rated yet,$44.99,Not Provided,Not Provided,Swift Judgment
 Micky Carre, English, Erin Bateman, 17 hrs and 30 mins, 02-09-24,2 ratings,$54.99,Not Provided,5 out of 5 stars,Aurora Chronicles: Omnibus Edition
 Mike Brooks, English, Timothy Watson, 12 hrs and 15 mins, 04-22-23,"1,746 ratings",$32.71,Not Provided,5 out of 5 stars,The Lion: Son of the Forest
 Mila Kane, English, Addison Barnes, 7 hrs and 38 mins, 02-13-24,7 ratings,$39.99, Gideon Frost,4.5 out of 5 stars,Savage Throne
 Misty Vixen, English, Gabriel Michael, 71 hrs and 59 mins, 01-30-24,11 ratings,$54.99, Katana Jones,5 out of 5 stars,A Warm Place: The Complete Series
 Misty Vixen, English, Melanie Hastings, 10 hrs and 40 mins, 02-06-24,22 ratings,$51.79,Not Provided,5 out of 5 stars,Our Own Way 3
" Miya Kazuki, quof - translator, You Shiina - illustrator", English, Reba Buhr, 8 hrs and 12 mins, 02-14-24,1 rating,$17.49,Not Provided,5 out of 5 stars,Ascendance of a Bookworm: Part 1 Volume 1
 Morgan Housel, English, Chris Hill, 5 hrs and 48 mins, 09-08-20,"19,232 ratings",$17.99,Not Provided,5 out of 5 stars,The Psychology of Money
 Namina Forna, English, Shayna Small, 14 hrs and 29 mins, 02-13-24,1 rating,$25.03,Not Provided,5 out of 5 stars,The Eternal Ones
 Natasha Madison, English, Stephanie Rose, 8 hrs and 21 mins, 02-26-24,Not rated yet,$19.95, Patrick Zeller,Not Provided,Meant for Stone
 Nate Klemp, English, Nate Klemp, 8 hrs and 5 mins, 02-13-24,1 rating,$14.69,Not Provided,5 out of 5 stars,Open
 Nate Silver, English,Not Provided, 13 hrs, 08-13-24,Not rated yet,$35.00,Not Provided,Not Provided,On the Edge
 Nathan Long, English, Jonathan Keeble, 10 hrs and 49 mins, 01-20-24,96 ratings,$32.71,Not Provided,5 out of 5 stars,Shamanslayer
 Nathan Long, English, Jonathan Keeble, 11 hrs and 17 mins, 02-10-24,7 ratings,$32.71,Not Provided,5 out of 5 stars,Zombieslayer
 Neal Stephenson, English,Not Provided, 12 hrs, 09-10-24,Not rated yet,$31.93,Not Provided,Not Provided,Polostan
 Nicholas Sansbury Smith, English, R. C. Bray, 13 hrs and 4 mins, 12-19-23,"1,120 ratings",$32.87,Not Provided,5 out of 5 stars,Hell Divers XI: Renegades
 Nicholas Sansbury Smith, English,Not Provided, 13 hrs, 07-16-24,Not rated yet,$32.87,Not Provided,Not Provided,Hell Divers XII: Heroes
 Nick Webb, English, Greg Tremblay, 11 hrs and 13 mins, 02-12-24,Not rated yet,$24.95,Not Provided,Not Provided,Majestic
 Nikki Payne, English," Kacie Rogers, Phil Ava", 11 hrs and 9 mins, 02-13-24,Not rated yet,$20.48, Nikki Payne,Not Provided,"Sex, Lies and Sensibility"
" Noret Flood, puddles4263", English, MacLeod Andrews, 26 hrs and 16 mins, 04-02-24,Not rated yet,$59.99,Not Provided,Not Provided,The Legend of Randidly Ghosthound 6: A LitRPG Adventure
 Norman L. Geisler, English, Jim Denison, 12 hrs and 59 mins, 02-13-24,Not rated yet,$20.99,Not Provided,Not Provided,A Popular Survey of the New Testament
" Okina Baba, Tsukasa Kiryu - illustrator", English, Caitlin Kelly, 7 hrs and 23 mins, 02-13-24,11 ratings,$29.65,Not Provided,4.5 out of 5 stars,"So I'm a Spider, So What?, Vol. 8"
 Olivia Dade, English, Joy Nash, 12 hrs and 42 mins, 02-13-24,2 ratings,$25.47,Not Provided,5 out of 5 stars,At First Spite
 Patricia Briggs, English,Not Provided, 11 hrs, 06-18-24,Not rated yet,$31.50,Not Provided,Not Provided,Winter Lost
" Patrick Rothfuss, Gemma Rovira Ortega - translator", Spanish, Raúl Lloréns, 4 hrs and 35 mins, 02-22-24,Not rated yet,$6.71,Not Provided,Not Provided,El estrecho sendero entre deseos [The Narrow Road Between Desires]
 Paul Scheer, English, Paul Scheer, 6 hrs and 45 mins, 05-21-24,Not rated yet,$31.93,Not Provided,Not Provided,Joyful Recollections of Trauma
 Pedro Urvi, English, John Banks, 15 hrs and 49 mins, 05-07-24,Not rated yet,$44.99,Not Provided,Not Provided,The Secret of the Dragon
 Penelope Ward, English, Jacob Morgan, 9 hrs and 52 mins, 02-26-24,Not Provided,$19.95, Desireé Ketchum,Not Provided,The Surrogate
 Peter Grainger, English, Gildart Jackson, 8 hrs and 38 mins, 01-23-24,252 ratings,$17.49,Not Provided,5 out of 5 stars,Another Girl
 Pierce Brown, English," full cast, Chris Davenport, Colleen Delany, Danny Gavigan, Stewart Crank, Jon Vertullo, Jenna Sharpe, Andrew James Spooner, Laura C. Harris, Kimberly Gilbert, Bradley Foster Smith", 9 hrs and 46 mins, 02-08-24,5 ratings,$27.99, Andy Brownstein,5 out of 5 stars,Morning Star (Part 1 of 2) (Dramatized Adaptation)
 Pierce Brown, English, Tim Gerard Reynolds, 16 hrs and 12 mins, 01-28-14,"62,605 ratings",$25.79,Not Provided,4.5 out of 5 stars,Red Rising
 Pierce Brown, English, Tim Gerard Reynolds, 19 hrs and 3 mins, 01-06-15,"45,984 ratings",$25.79,Not Provided,5 out of 5 stars,Golden Son
 Pierce Brown, English, Tim Gerard Reynolds, 30 hrs and 8 mins, 07-25-23,"3,365 ratings",$30.09,Not Provided,5 out of 5 stars,Light Bringer
 Pierce Brown, English," Tim Gerard Reynolds, John Curless, Julian Elfer", 23 hrs and 23 mins, 01-16-18,"19,981 ratings",$25.79, Aedin Moloney,4.5 out of 5 stars,Iron Gold
 Pippa Grant, English, Connor Crais, 9 hrs and 59 mins, 01-17-24,171 ratings,$19.95, Savannah Peachwood,5 out of 5 stars,The Bride's Runaway Billionaire
 pirateaba, English, Andrea Parsneau, 17 hrs and 48 mins, 04-30-24,Not rated yet,$59.99,Not Provided,Not Provided,Gravesong
 Playwars aka Alex S. Weber, English, Mare Trevathan, 14 hrs and 1 min, 02-13-24,2 ratings,$44.99,Not Provided,5 out of 5 stars,Dungeon War
 Polina Marinova Pompliano, English, Polina Marinova Pompliano, 4 hrs and 51 mins, 06-20-23,41 ratings,$12.99,Not Provided,4.5 out of 5 stars,Hidden Genius
 Prince Harry The Duke of Sussex, English, Prince Harry The Duke of Sussex, 15 hrs and 39 mins, 01-10-23,"67,346 ratings",$26.20,Not Provided,5 out of 5 stars,Spare
 Princella Carr, English, Princella Carr, 2 hrs and 9 mins, 02-06-24,3 ratings,$6.95,Not Provided,5 out of 5 stars,The 5 Components of Love
 Rachel Kapelke-Dale, English, Stephanie Cannon, 10 hrs and 56 mins, 02-13-24,Not rated yet,$25.51,Not Provided,Not Provided,The Fortune Seller
 Rachel Rodgers, English, Rachel Rodgers, 2 hrs, 01-02-24,740 ratings,$14.95,Not Provided,4.5 out of 5 stars,Plan Your Year Like a Millionaire
 Rachel Rodgers, English, Rachel Rodgers, 3 hrs and 42 mins, 02-01-24,61 ratings,$24.95,Not Provided,4.5 out of 5 stars,Six-Figure Side Hustle
 Ramani Durvasula PhD, English, Ramani Durvasula PhD, 11 hrs and 31 mins, 02-20-24,Not rated yet,$20.48,Not Provided,Not Provided,It's Not You
 Raul R. Ramos, English, Bill Andersen, 4 hrs and 37 mins, 02-08-24,5 ratings,$14.95,Not Provided,5 out of 5 stars,Ese to Master Jefe
 Rebecca Quinn, English," Avery Caris, Rose Dioro, Joe Arden, Sebastian York, Teddy Hamilton, JF Harding, Jason Clarke", 21 hrs and 45 mins, 12-22-23,356 ratings,$29.95, ZacharyWebber & full cast,5 out of 5 stars,Entangled
 Rebecca Yarros, English, Rebecca Soler, 28 hrs and 16 mins, 11-07-23,"13,653 ratings",$30.09, Teddy Hamilton,4.5 out of 5 stars,Iron Flame
 Rebecca Yarros, Spanish, María Carolina Yarussi, 7 hrs, 02-21-24,Not rated yet,$17.49, Diego Longstaff,Not Provided,Alas de Hierro [Iron Flame]
 Rebecca Zanetti, English, Stephen Borne, 10 hrs and 28 mins, 02-13-24,4 ratings,$17.49,Not Provided,5 out of 5 stars,Frostbitten
 Reese Rivers, English," Maeve York, Christian Black, Vincent Skye", 9 hrs and 6 mins, 01-22-24,25 ratings,$19.95, Matt Haynes,5 out of 5 stars,Dance Butterfly Dance
" Reki Kawahara, Stephen Paul", English, Bryce Papenbrook, 7 hrs and 54 mins, 02-13-24,Not rated yet,$20.01,Not Provided,Not Provided,Sword Art Online 12
" Renee Rose, Lee Savino", English, Kai Kennicott, 7 hrs and 47 mins, 02-12-24,1 rating,$19.95, Wen Ross,5 out of 5 stars,Big Bad Boss: Midnight
 Rhaegar, English, Andrea Parsneau, 29 hrs and 23 mins, 12-11-23,995 ratings,$29.95,Not Provided,5 out of 5 stars,"Azarinth Healer, Book Three"
 Rhaina Cohen, English, Rhaina Cohen, 8 hrs and 41 mins, 02-13-24,1 rating,$25.51,Not Provided,5 out of 5 stars,The Other Significant Others
 Rick Partlow, English, James Patrick Cronin, 6 hrs and 58 mins, 02-06-24,3 ratings,$19.95,Not Provided,5 out of 5 stars,Drop Zone
 Rick Riordan, English, Jesse Bernstein, 10 hrs and 31 mins, 08-29-08,"14,802 ratings",$16.65,Not Provided,5 out of 5 stars,The Battle of the Labyrinth
 Rick Riordan, English, Jesse Bernstein, 11 hrs, 05-05-09,"14,880 ratings",$18.82,Not Provided,5 out of 5 stars,The Last Olympian
 Rick Riordan, English, Jesse Bernstein, 7 hrs and 55 mins, 06-09-06,"19,248 ratings",$16.65,Not Provided,4.5 out of 5 stars,The Sea of Monsters
 Rifujin na Magonote, English, Cliff Kurt, 7 hrs and 14 mins, 02-08-24,14 ratings,$19.95,Not Provided,5 out of 5 stars,Mushoku Tensei
 RinoZ, English, Jeff Hays, 17 hrs and 42 mins, 02-27-24,Not rated yet,$24.95, Annie Ellicott,Not Provided,Chrysalis 4
 RinoZ, English, Jeff Hays, 54 hrs and 41 mins, 02-14-24,Not rated yet,$29.95, Annie Ellicott,Not Provided,"Chrysalis, Books 1-3"
 Rob M. Lastrel, English, Adam Sims, 11 hrs and 41 mins, 02-13-24,Not rated yet,$44.99,Not Provided,Not Provided,The Bystander
 Robert Galbraith, English, Robert Glenister, 34 hrs and 14 mins, 09-26-23,"3,852 ratings",$38.99,Not Provided,5 out of 5 stars,The Running Grave
 Robert Greene, English, Paul Michael, 28 hrs and 26 mins, 10-23-18,"13,553 ratings",$23.56, Robert Greene,5 out of 5 stars,The Laws of Human Nature
 Robert Greene, English, Richard Poe, 23 hrs and 6 mins, 05-01-15,"23,463 ratings",$15.70,Not Provided,4.5 out of 5 stars,48 Laws of Power
 Robert Jordan, English, Kate Reading, 36 hrs and 27 mins, 12-26-04,"28,677 ratings",$37.49, Michael Kramer,5 out of 5 stars,The Fires of Heaven
 Robert Jordan, English, Kate Reading, 41 hrs and 32 mins, 12-26-04,"38,984 ratings",$37.49, Michael Kramer,5 out of 5 stars,Lord of Chaos
 Robyn Carr, English, Thérèse Plummer, 9 hrs and 49 mins, 01-23-24,83 ratings,$25.19,Not Provided,4.5 out of 5 stars,The Friendship Club
 Robyn Peterman, English, Jessica Almasy,Not Provided,Not Provided,3 ratings,$22.37,Not Provided,4.5 out of 5 stars,Guiding Blight
 Ron Rhodes, English, Jim Seybert, 8 hrs and 10 mins, 02-13-24,Not rated yet,$48.99,Not Provided,Not Provided,Bible Prophecy Under Siege
 Rosa Lee, English, Evelyn Rose, 10 hrs and 39 mins, 02-09-24,5 ratings,$24.95, Lucas Webley,5 out of 5 stars,Released
 RuPaul, English, RuPaul, 7 hrs and 7 mins, 03-05-24,Not rated yet,$25.47,Not Provided,Not Provided,The House of Hidden Meanings
 Ryuto, English, Fred Berman, 7 hrs and 3 mins, 02-05-24,25 ratings,$19.95,Not Provided,5 out of 5 stars,Reborn as a Space Mercenary
 S. T. Gibson, English, Stephanie Cannon, 8 hrs and 22 mins, 02-13-24,Not rated yet,$19.24,Not Provided,Not Provided,An Education in Malice
 S.J. Tilly, English, Jack Calihan,Not Provided, 05-14-24,Not rated yet,$44.99, Chloe Ryan,Not Provided,Hans
 Samantha Young, English, Shane East, 9 hrs and 14 mins, 01-25-24,44 ratings,$19.95, Zara Hampton-Brown,4.5 out of 5 stars,Through the Glen
 Sara Sterling, English," Dale Chapman,  Sean Lester, Barbara Fernandez,  Social Skills Studio", 26 hrs and 28 mins, 01-29-24,21 ratings,$29.95, Codependency Recovery Studio,5 out of 5 stars,Empath and Narcissist: 2 in 1
 Sarah A. Denzil, English," Billie Piper, Dan Stevens, Shane Zaza, Avita Jay, Felicity Duncan, David Holt", 8 hrs and 41 mins, 01-11-24,"1,727 ratings",$16.35, Sarah Whitehouse,4.5 out of 5 stars,We Play Games
 Sarah J. Maas, English, Amanda Leigh Cobb, 25 hrs and 9 mins, 05-02-17,"26,740 ratings",$28.76,Not Provided,5 out of 5 stars,A Court of Wings and Ruin
 Sarah J. Maas, English, Amanda Leigh Cobb, 6 hrs and 23 mins, 05-01-18,"13,623 ratings",$17.19,Not Provided,4.5 out of 5 stars,A Court of Frost and Starlight
 Sarah J. Maas, English, Elizabeth Evans, 12 hrs and 43 mins, 01-28-21,"9,864 ratings",$17.54,Not Provided,5 out of 5 stars,Crown of Midnight
 Sarah J. Maas, English, Elizabeth Evans, 20 hrs and 43 mins, 09-01-15,"14,047 ratings",$29.99,Not Provided,5 out of 5 stars,Queen of Shadows
 Sarah J. Maas, English, Elizabeth Evans, 22 hrs and 39 mins, 09-05-17,"15,438 ratings",$29.99,Not Provided,5 out of 5 stars,Tower of Dawn
 Sarah J. Maas, English, Elizabeth Evans, 25 hrs and 18 mins, 09-06-16,"18,846 ratings",$34.99,Not Provided,5 out of 5 stars,Empire of Storms
 Sarah J. Maas, English, Elizabeth Evans, 27 hrs and 42 mins, 02-15-22,"18,830 ratings",$42.99,Not Provided,5 out of 5 stars,House of Sky and Breath
 Sarah J. Maas, English, Elizabeth Evans, 29 hrs and 42 mins, 01-30-24,"4,846 ratings",$49.95,Not Provided,5 out of 5 stars,House of Flame and Shadow
 Sarah J. Maas, English, Elizabeth Evans, 33 hrs and 11 mins, 10-23-18,"19,358 ratings",$34.99,Not Provided,5 out of 5 stars,Kingdom of Ash
 Sarah J. Maas, English, Jennifer Ikeda, 16 hrs and 7 mins, 05-05-15,"43,563 ratings",$25.79,Not Provided,4.5 out of 5 stars,A Court of Thorns and Roses
 Sarah J. Maas, English, Jennifer Ikeda, 23 hrs and 16 mins, 05-03-16,"35,496 ratings",$25.79,Not Provided,5 out of 5 stars,A Court of Mist and Fury
 Sariah Wilson, English, Jesse Vilinsky, 2 hrs and 1 min, 01-23-24,229 ratings,$1.99,Not Provided,4 out of 5 stars,Royal Valentine
 Scott Blade, English, Alan Philip Ormond, 7 hrs and 20 mins, 01-31-24,20 ratings,$19.95,Not Provided,4.5 out of 5 stars,Nothing Left
 Scott Galloway, English, Scott Galloway, 10 hrs, 04-23-24,Not rated yet,$31.50,Not Provided,Not Provided,The Algebra of Wealth
 Sean Oswald, English, Travis Baldree, 16 hrs and 40 mins, 06-04-24,Not rated yet,$49.99,Not Provided,Not Provided,Countdown
 Seth Ring, English, Eric Jason Martin, 13 hrs and 28 mins, 03-06-24,Not rated yet,$32.87,Not Provided,Not Provided,Bloodline
 Seth Ring, English,Not Provided, 14 hrs, 07-30-24,Not rated yet,$32.87,Not Provided,Not Provided,Avatar
 Shantel Tessier, English, Teddy Hamilton, 18 hrs and 29 mins, 01-25-24,216 ratings,$24.95, Michelle Sparks,4.5 out of 5 stars,Carnage
" Shirtaloon, Travis Deverell", English, Heath Miller, 28 hrs and 56 mins, 03-09-21,"33,976 ratings",$51.99,Not Provided,5 out of 5 stars,He Who Fights with Monsters: A LitRPG Adventure
 Sierra Simone, English," Evelyn Rose, Shane East, James Joseph, Faye Adele", 12 hrs and 27 mins, 02-12-24,Not rated yet,$24.95, Christy Woods,Not Provided,The Far Hope Collection
 Sonia Choquette, English, Sonia Choquette, 4 hrs and 17 mins, 02-13-24,Not rated yet,$14.69,Not Provided,Not Provided,21 Days to Jump-Start Your Intuition
 Sonja Grey, English, Lilly Drake, 9 hrs and 49 mins, 02-13-24,4 ratings,$44.99, Michael Gallagher,5 out of 5 stars,Devil from Moscow
 SourpatchHero, English, Nick Podehl, 17 hrs and 34 mins, 12-19-23,548 ratings,$49.90,Not Provided,4.5 out of 5 stars,I'm Not the Hero: An Isekai LitRPG
 Stephen King, English, Grover Gardner, 47 hrs and 47 mins, 02-14-12,"75,265 ratings",$35.11,Not Provided,4.5 out of 5 stars,The Stand
 Stephen King, English, Justine Lupe, 15 hrs and 24 mins, 09-05-23,"7,833 ratings",$22.49, Stephen King,4 out of 5 stars,Holly
 Stephen King, English, Seth Numrich, 24 hrs and 6 mins, 09-06-22,"69,147 ratings",$26.24, Stephen King,4.5 out of 5 stars,Fairy Tale
 Stephen King, English,Not Provided, 20 hrs, 05-21-24,Not rated yet,$33.07,Not Provided,Not Provided,You Like It Darker
 Steve Berry, English, Scott Brick, 13 hrs and 20 mins, 02-20-24,Not rated yet,$36.50,Not Provided,Not Provided,The Atlas Maneuver
 Steven Barnes, English,Not Provided, 13 hrs, 08-06-24,Not rated yet,$35.00,Not Provided,Not Provided,Star Wars: Mace Windu: The Glass Abyss
 Steven Furtick, English, Steven Furtick, 9 hrs and 25 mins, 02-13-24,9 ratings,$31.93,Not Provided,5 out of 5 stars,Do the New You
 Steven P. Aitchison, English, Lianne Walker, 4 hrs and 4 mins, 02-09-24,Not rated yet,$14.95,Not Provided,Not Provided,The Witches of Scotland
 SunriseCV, English, Adam Verner, 12 hrs and 48 mins, 02-14-24,3 ratings,$24.95,Not Provided,4.5 out of 5 stars,System Interference
 Susan Elizabeth Phillips, English, Nicole Poole, 9 hrs and 57 mins, 02-13-24,8 ratings,$25.47,Not Provided,5 out of 5 stars,Simply the Best
 Susan Stoker, English, Emma Wilder, 9 hrs and 12 mins, 01-30-24,68 ratings,$19.95, Aaron Shedlock,5 out of 5 stars,Deserving Lara
 Susan Wise Bauer, English, Jim Weiss, 10 hrs and 42 mins, 01-31-24,Not rated yet,$24.95,Not Provided,Not Provided,"Story of the World, Vol. 2"
 Susan Wise Bauer, English, Jim Weiss, 11 hrs and 25 mins, 02-05-24,Not rated yet,$24.95,Not Provided,Not Provided,History for the Classical Child: Early Modern Times (Revised Edition)
 Susan Wise Bauer, English, Jim Weiss, 8 hrs and 4 mins, 01-31-24,Not rated yet,$19.95,Not Provided,Not Provided,"Story of the World, Vol. 1"
 T E Kinsey, English,Not Provided, 9 hrs, 05-21-24,Not rated yet,$30.09,Not Provided,Not Provided,An Assassination on the Agenda
 T. Kingfisher, English, Avi Roque, 5 hrs and 2 mins, 02-13-24,6 ratings,$15.39,Not Provided,4.5 out of 5 stars,What Feasts at Night
 Tafari Davis, English, Aubrey Williams, 6 hrs and 6 mins, 01-22-24,25 ratings,$19.95,Not Provided,5 out of 5 stars,Learn Jamaican Patois for Beginners: Learn the Jamaican Language Fast
 Takerra Allen, English, Morae Brehon, 12 hrs and 28 mins, 02-13-24,4 ratings,$44.99, Winston James,5 out of 5 stars,Devout
 Tamamaru, English, Greg Chun, 6 hrs and 30 mins, 02-13-24,7 ratings,$39.99,Not Provided,5 out of 5 stars,My Quiet Blacksmith Life in Another World: Volume 5
" Terry Mancour, Emily Burch Harris", English, Fiona Hardingham, 21 hrs and 22 mins, 03-26-24,Not rated yet,$54.99,Not Provided,Not Provided,Shadowblade
 Tess Lake, English, Natalie Duke, 65 hrs and 31 mins, 04-27-22,"3,248 ratings",$29.95,Not Provided,5 out of 5 stars,Torrent Witches Cozy Mysteries Complete Box Set: Books 1-10
 Tessa Bailey, English, Callie Dalton, 11 hrs and 29 mins, 02-13-24,6 ratings,$21.83,Not Provided,4.5 out of 5 stars,Fangirl Down
 Thea Masen, English, Unfortunate Reads,Not Provided, 02-12-24,3 ratings,$6.95, Richard Pendragon,4.5 out of 5 stars,Stiff
 Thomas Nelson Inc., English," Jason Alexander, Joan Allen, Richard Dreyfuss, Louis Gossett, Malcolm McDowell Jr., Gary Sinese, Marisa Tomei", 98 hrs and 1 min, 11-05-09,"9,377 ratings",$21.00, Stacy Keach,4.5 out of 5 stars,"The Word of Promise Audio Bible—New King James Version, NKJV: Complete Bible"
 Thomas Sowell, English, Stefan Rudnicki, 28 hrs and 6 mins, 02-20-24,Not rated yet,$53.87,Not Provided,Not Provided,"Basic Economics, Fifth Edition"
 Tia Toomey, English, Tia Toomey, 6 hrs and 30 mins, 02-13-24,1 rating,$15.93,Not Provided,5 out of 5 stars,The Heart Is the Strongest Muscle
 Tijan, English, Andi Arndt, 14 hrs and 31 mins, 02-08-24,37 ratings,$48.99, Teddy Hamilton,4.5 out of 5 stars,My Anti-Hero
 Timothy Zahn, English, Marc Thompson, 14 hrs and 12 mins, 02-13-24,Not rated yet,$22.75,Not Provided,Not Provided,The Icarus Twin
 TJ Klune, English, Daniel Henning, 12 hrs, 09-10-24,Not rated yet,$25.51,Not Provided,Not Provided,Somewhere Beyond the Sea
 Tom Larcombe, English, Derek Shoales, 14 hrs and 27 mins, 02-20-24,Not rated yet,$24.49,Not Provided,Not Provided,System End
" Tony Robbins, Christopher Zook", English," Jeremy Bobb, Tony Robbins", 11 hrs and 28 mins, 02-13-24,Not rated yet,$18.47, full cast,Not Provided,The Holy Grail of Investing
 Tyler Zed, English, Tyler Zed, 4 hrs and 56 mins, 02-20-24,Not rated yet,$17.49,Not Provided,Not Provided,Trailer Park Parable
 Ursula K. Le Guin, English, John Skelley, 4 hrs and 44 mins, 02-27-24,Not rated yet,$20.99,Not Provided,Not Provided,The Word for World Is Forest
 V.C. Andrews, English, Caitlin Davies, 7 hrs and 3 mins, 02-13-24,Not rated yet,$13.85,Not Provided,Not Provided,Chasing Endless Summer
 Vanessa Rasanen, English, Zura Johnson, 14 hrs and 25 mins, 02-13-24,Not rated yet,$48.99, Zachary Johnson,Not Provided,Until the Stars Fall
 Victor Davis Hanson, English,Not Provided, 15 hrs, 05-07-24,Not rated yet,$36.50,Not Provided,Not Provided,The End of Everything
 Victoria Aveline, English, Stephen Dexter, 9 hrs and 50 mins, 02-13-24,3 ratings,$17.49,Not Provided,4.5 out of 5 stars,Resisting Maxu
 Walter Isaacson, English, Jeremy Bobb, 20 hrs and 39 mins, 09-12-23,"5,800 ratings",$26.24, Walter Isaacson,5 out of 5 stars,Elon Musk
 William D. Arand, English, Nick Podehl, 13 hrs and 28 mins, 04-30-24,Not rated yet,$54.99,Not Provided,Not Provided,The Axe Falls
 William King, English, Phillip Sacramento, 9 hrs and 35 mins, 02-03-24,14 ratings,$32.71,Not Provided,5 out of 5 stars,Wolfblade
 William L. Shirer, English, Grover Gardner, 57 hrs and 11 mins, 07-16-10,"17,232 ratings",$31.16,Not Provided,5 out of 5 stars,The Rise and Fall of the Third Reich
 XKarnation, English, Ramón De Ocampo, 13 hrs and 15 mins, 03-26-24,Not rated yet,$31.49,Not Provided,Not Provided,Reborn as a Demonic Tree 2
 Yangsze Choo, English, Yangsze Choo, 14 hrs and 37 mins, 02-13-24,Not rated yet,$31.18,Not Provided,Not Provided,The Fox Wife
 Yuval Noah Harari, English,Not Provided, 14 hrs, 09-10-24,Not rated yet,$22.75,Not Provided,Not Provided,Nexus
 Zarah Detand, English, Joel Leslie, 14 hrs and 54 mins, 02-13-24,1 rating,$44.99,Not Provided,5 out of 5 stars,Wear It Like a Crown
 Zoe Blake, English, Tor Thom, 7 hrs and 5 mins, 02-13-24,6 ratings,$34.99, Lauren Sweet,5 out of 5 stars,Sweet Intensity
 Zoë Schiffer, English, Jaime Lamchick, 8 hrs and 42 mins, 02-13-24,Not rated yet,$18.20,Not Provided,Not Provided,Extremely Hardcore
 Zogarth, English, Travis Baldree, 17 hrs and 47 mins, 05-17-23,"2,365 ratings",$21.99,Not Provided,5 out of 5 stars,The Primal Hunter 5
 Zogarth, English, Travis Baldree, 17 hrs and 49 mins, 11-21-23,"2,624 ratings",$24.95,Not Provided,5 out of 5 stars,The Primal Hunter 7 - A LitRPG Adventure
 Zogarth, English, Travis Baldree, 19 hrs and 25 mins, 06-14-22,"6,080 ratings",$21.99,Not Provided,5 out of 5 stars,The Primal Hunter 2
 Zogarth, English, Travis Baldree, 19 hrs and 50 mins, 01-17-24,"2,814 ratings",$21.99,Not Provided,5 out of 5 stars,The Primal Hunter 8
AuthorLabel,LanguageLabel,NarratorLabel,RuntimeLabel,ReleaseDateLabel,Raiting,price,Not Provided,score,Title
Not Provided, English,Not Provided, 12 hrs and 51 mins, 10-29-24,Not rated yet,$20.78,Not Provided,Not Provided,The Grey Wolf
Not Provided, English,Not Provided, 15 hrs, 08-20-24,Not rated yet,$22.75,Not Provided,Not Provided,By Any Other Name
